text,category
MEESHO bill payment,Shopping
RAPIDO india pvt ltd,Transport
UPI-UBER-89868,Transport
ZOMATO india pvt ltd,Food
UPI-HOSPITAL-81110,Medical
CAFE india pvt ltd,Food
MISC india pvt ltd,Others
KFC bill payment,Food
SPOTIFY order 57564,Entertainment
MEESHO bill payment,Shopping
UPI-GAS BILL-27647,Bills
BONUS order 99013,Income
SALARY CREDITED 69495,Income
METRO india pvt ltd,Transport
BROADBAND india pvt ltd,Bills
UPI-PRIME VIDEO-42253,Entertainment
UPI-MISC-69013,Others
HOSPITAL bill payment,Medical
AJIO txn 49607,Shopping
WATER BILL 29498,Bills
SALARY CREDITED 16133,Income
IRCTC bill payment,Transport
CAFE order 17451,Food
MISC txn 85234,Others
ELECTRICITY BILL payment,Bills
BOOKMYSHOW 39106,Entertainment
ZOMATO payment,Food
RECHARGE india pvt ltd,Bills
BROADBAND payment,Bills
SALARY CREDITED order 73164,Income
UPI-METRO-93360,Transport
METRO bill payment,Transport
SALARY CREDITED bill payment,Income
MEDPLUS india pvt ltd,Medical
RESTAURANT bill payment,Food
REFUND order 77617,Income
APOLLO PHARMACY india pvt ltd,Medical
MISC bill payment,Others
AMAZON india pvt ltd,Shopping
UPI-NYKAA-50847,Shopping
RESTAURANT payment,Food
CLINIC order 80614,Medical
MEDPLUS 80143,Medical
MEDPLUS 19908,Medical
SALARY CREDITED order 77952,Income
SWIGGY bill payment,Food
RAPIDO payment,Transport
REFUND 28126,Income
CAFE india pvt ltd,Food
APOLLO PHARMACY order 77353,Medical
DOMINOS order 30759,Food
RAPIDO payment,Transport
NYKAA payment,Shopping
SALARY CREDITED 86376,Income
UPI-MYNTRA-79069,Shopping
MEESHO txn 80065,Shopping
DOMINOS order 8761,Food
AMAZON order 31644,Shopping
NYKAA order 74190,Shopping
CLINIC payment,Medical
APOLLO PHARMACY txn 14231,Medical
MEESHO 27503,Shopping
UNKNOWN PAYMENT txn 60578,Others
MISC india pvt ltd,Others
UPI-PHARMACY-79271,Medical
BOOKMYSHOW txn 83962,Entertainment
MYNTRA txn 87651,Shopping
PIZZA HUT txn 15692,Food
NETFLIX bill payment,Entertainment
SALARY CREDITED payment,Income
HOTSTAR txn 83774,Entertainment
TRANSFER india pvt ltd,Others
UPI-BOOKMYSHOW-56391,Entertainment
CASHBACK payment,Income
SWIGGY order 41783,Food
BOOKMYSHOW txn 38112,Entertainment
CASHBACK order 36082,Income
MEDPLUS bill payment,Medical
NYKAA txn 22369,Shopping
MEESHO order 41122,Shopping
FLIPKART 95011,Shopping
FLIPKART 42477,Shopping
BUS TICKET payment,Transport
SALARY CREDITED txn 17527,Income
WIFI 43741,Bills
MISC bill payment,Others
APOLLO PHARMACY txn 63684,Medical
SWIGGY bill payment,Food
OLA india pvt ltd,Transport
UNKNOWN PAYMENT 92260,Others
UPI-UNKNOWN PAYMENT-80401,Others
NYKAA india pvt ltd,Shopping
SPOTIFY bill payment,Entertainment
SPOTIFY order 3711,Entertainment
KFC india pvt ltd,Food
NYKAA order 42789,Shopping
WIFI order 69256,Bills
HOTSTAR bill payment,Entertainment
AMAZON bill payment,Shopping
AJIO bill payment,Shopping
ELECTRICITY BILL bill payment,Bills
BONUS 10599,Income
RECHARGE order 69217,Bills
BONUS 6481,Income
SWIGGY india pvt ltd,Food
SWIGGY 20017,Food
UNKNOWN PAYMENT order 44994,Others
MEESHO bill payment,Shopping
UNKNOWN PAYMENT txn 66807,Others
UPI-TRANSFER-48220,Others
UBEREATS order 98423,Food
UPI-PIZZA HUT-61825,Food
SWIGGY india pvt ltd,Food
MISC india pvt ltd,Others
AJIO 80438,Shopping
OLA order 93695,Transport
UPI-BONUS-36110,Income
METRO payment,Transport
UNKNOWN PAYMENT india pvt ltd,Others
DOMINOS india pvt ltd,Food
HOTSTAR payment,Entertainment
SWIGGY txn 71065,Food
BONUS 15933,Income
NYKAA txn 94611,Shopping
UNKNOWN PAYMENT 53214,Others
BOOKMYSHOW bill payment,Entertainment
MYNTRA order 66152,Shopping
UPI-NYKAA-52899,Shopping
ZOMATO payment,Food
HOSPITAL order 84780,Medical
MYNTRA payment,Shopping
AJIO txn 83319,Shopping
MISC bill payment,Others
MEDPLUS bill payment,Medical
SALARY CREDITED india pvt ltd,Income
SALARY CREDITED txn 65103,Income
PRIME VIDEO order 68477,Entertainment
MYNTRA txn 69487,Shopping
MEESHO india pvt ltd,Shopping
CLINIC payment,Medical
SWIGGY order 67745,Food
RECHARGE order 26231,Bills
UPI-DOMINOS-61283,Food
UBEREATS order 33818,Food
CLINIC bill payment,Medical
CAFE payment,Food
RAPIDO payment,Transport
UPI-AJIO-3919,Shopping
SALARY CREDITED india pvt ltd,Income
MYNTRA order 67858,Shopping
WIFI 99012,Bills
TRANSFER bill payment,Others
UBEREATS india pvt ltd,Food
SWIGGY order 61595,Food
BOOKMYSHOW bill payment,Entertainment
UBER india pvt ltd,Transport
GAS BILL india pvt ltd,Bills
METRO payment,Transport
RAPIDO 40147,Transport
MISC bill payment,Others
PHARMACY india pvt ltd,Medical
MEDPLUS order 63286,Medical
REFUND india pvt ltd,Income
METRO txn 37165,Transport
UBER order 2409,Transport
GAS BILL india pvt ltd,Bills
UNKNOWN PAYMENT txn 92934,Others
UPI-SALARY CREDITED-84582,Income
UBER order 79661,Transport
BONUS 47158,Income
KFC india pvt ltd,Food
RAPIDO txn 63946,Transport
NETFLIX bill payment,Entertainment
CASHBACK india pvt ltd,Income
SWIGGY payment,Food
AJIO bill payment,Shopping
SALARY CREDITED 78855,Income
HOTSTAR txn 24746,Entertainment
PHARMACY txn 4055,Medical
CASHBACK order 56499,Income
WIFI 87940,Bills
UPI-OLA-93238,Transport
BOOKMYSHOW payment,Entertainment
RESTAURANT bill payment,Food
PHARMACY bill payment,Medical
PIZZA HUT payment,Food
AMAZON india pvt ltd,Shopping
OLA india pvt ltd,Transport
FLIPKART bill payment,Shopping
PHARMACY india pvt ltd,Medical
UPI-GAS BILL-42336,Bills
HOSPITAL txn 39873,Medical
ZOMATO payment,Food
TRANSFER txn 96852,Others
REFUND payment,Income
PRIME VIDEO 57964,Entertainment
REFUND txn 15185,Income
FLIPKART india pvt ltd,Shopping
OLA india pvt ltd,Transport
CAFE 95065,Food
TRANSFER india pvt ltd,Others
UBER txn 54440,Transport
CASHBACK txn 95858,Income
BUS TICKET order 29150,Transport
UNKNOWN PAYMENT payment,Others
MISC txn 43324,Others
APOLLO PHARMACY india pvt ltd,Medical
CLINIC payment,Medical
RECHARGE payment,Bills
OLA txn 89048,Transport
ELECTRICITY BILL bill payment,Bills
WIFI order 70304,Bills
UNKNOWN PAYMENT 70842,Others
HOTSTAR order 76634,Entertainment
SALARY CREDITED txn 6396,Income
UPI-BONUS-66009,Income
TRANSFER 23059,Others
UPI-HOTSTAR-34002,Entertainment
GAS BILL order 2157,Bills
SPOTIFY payment,Entertainment
SPOTIFY txn 50927,Entertainment
AMAZON 78859,Shopping
SALARY CREDITED txn 68320,Income
UNKNOWN PAYMENT payment,Others
BOOKMYSHOW india pvt ltd,Entertainment
UPI-RESTAURANT-57796,Food
APOLLO PHARMACY bill payment,Medical
UPI-ELECTRICITY BILL-21001,Bills
MYNTRA 57888,Shopping
SPOTIFY payment,Entertainment
CLINIC bill payment,Medical
BUS TICKET payment,Transport
BROADBAND payment,Bills
BONUS payment,Income
PHARMACY bill payment,Medical
APOLLO PHARMACY 64402,Medical
APOLLO PHARMACY payment,Medical
WATER BILL order 87002,Bills
UBER payment,Transport
UPI-PRIME VIDEO-2818,Entertainment
BONUS payment,Income
OLA payment,Transport
MEESHO txn 24758,Shopping
UPI-REFUND-31224,Income
REFUND bill payment,Income
CLINIC india pvt ltd,Medical
UPI-DOMINOS-6066,Food
UBEREATS 71122,Food
RAPIDO india pvt ltd,Transport
METRO txn 22808,Transport
ELECTRICITY BILL 73266,Bills
MEDPLUS india pvt ltd,Medical
TRANSFER bill payment,Others
WIFI 1706,Bills
BONUS bill payment,Income
FLIPKART txn 87248,Shopping
HOTSTAR payment,Entertainment
UNKNOWN PAYMENT payment,Others
UPI-CAFE-18245,Food
TRANSFER india pvt ltd,Others
CLINIC 44606,Medical
METRO india pvt ltd,Transport
UPI-FLIPKART-75834,Shopping
REFUND order 82814,Income
UPI-BOOKMYSHOW-19713,Entertainment
PRIME VIDEO 28709,Entertainment
UPI-PHARMACY-51920,Medical
PHARMACY txn 96115,Medical
UPI-TRANSFER-95092,Others
BOOKMYSHOW india pvt ltd,Entertainment
UPI-PRIME VIDEO-27775,Entertainment
HOTSTAR payment,Entertainment
HOTSTAR payment,Entertainment
MEDPLUS 50700,Medical
CLINIC payment,Medical
METRO txn 98209,Transport
CLINIC 92574,Medical
KFC bill payment,Food
PRIME VIDEO bill payment,Entertainment
BOOKMYSHOW order 32772,Entertainment
UPI-HOTSTAR-80099,Entertainment
CLINIC payment,Medical
APOLLO PHARMACY 87375,Medical
MISC bill payment,Others
UNKNOWN PAYMENT india pvt ltd,Others
HOTSTAR payment,Entertainment
PIZZA HUT txn 96242,Food
AJIO order 22948,Shopping
RESTAURANT bill payment,Food
APOLLO PHARMACY india pvt ltd,Medical
MISC order 96271,Others
SPOTIFY bill payment,Entertainment
NYKAA txn 31387,Shopping
REFUND india pvt ltd,Income
CAFE payment,Food
BONUS india pvt ltd,Income
RECHARGE 32580,Bills
CLINIC 80764,Medical
TRANSFER india pvt ltd,Others
UPI-FLIPKART-20360,Shopping
SALARY CREDITED payment,Income
HOSPITAL txn 81926,Medical
SWIGGY india pvt ltd,Food
UBER order 26059,Transport
UPI-BONUS-5967,Income
TRANSFER india pvt ltd,Others
SPOTIFY txn 70939,Entertainment
UBER bill payment,Transport
PIZZA HUT india pvt ltd,Food
UPI-UBER-50688,Transport
UPI-MYNTRA-64929,Shopping
BROADBAND order 56110,Bills
UPI-BONUS-2020,Income
UPI-MEESHO-29999,Shopping
PIZZA HUT txn 8757,Food
REFUND 37425,Income
IRCTC order 75433,Transport
UPI-METRO-33266,Transport
MEESHO txn 14645,Shopping
SALARY CREDITED order 31169,Income
IRCTC bill payment,Transport
IRCTC bill payment,Transport
AJIO 33799,Shopping
PHARMACY txn 49404,Medical
SALARY CREDITED txn 48761,Income
UPI-PRIME VIDEO-32747,Entertainment
SPOTIFY bill payment,Entertainment
WATER BILL bill payment,Bills
DOMINOS bill payment,Food
SALARY CREDITED bill payment,Income
RECHARGE order 81753,Bills
CASHBACK txn 13905,Income
UNKNOWN PAYMENT 86373,Others
BUS TICKET india pvt ltd,Transport
CAFE txn 91553,Food
RESTAURANT payment,Food
AJIO india pvt ltd,Shopping
UPI-BUS TICKET-11892,Transport
METRO bill payment,Transport
RAPIDO order 16396,Transport
METRO payment,Transport
UNKNOWN PAYMENT bill payment,Others
IRCTC txn 60863,Transport
SALARY CREDITED bill payment,Income
ELECTRICITY BILL india pvt ltd,Bills
UPI-GAS BILL-40135,Bills
UPI-HOSPITAL-33035,Medical
PRIME VIDEO order 29289,Entertainment
IRCTC india pvt ltd,Transport
RAPIDO 61850,Transport
WIFI bill payment,Bills
NETFLIX bill payment,Entertainment
UBEREATS txn 44997,Food
BUS TICKET order 75080,Transport
BONUS payment,Income
METRO payment,Transport
ZOMATO order 82486,Food
UPI-PRIME VIDEO-20239,Entertainment
UPI-FLIPKART-61608,Shopping
PHARMACY payment,Medical
DOMINOS bill payment,Food
PRIME VIDEO txn 70464,Entertainment
CLINIC bill payment,Medical
MYNTRA bill payment,Shopping
MEESHO order 84718,Shopping
CAFE payment,Food
REFUND txn 99173,Income
TRANSFER payment,Others
NETFLIX india pvt ltd,Entertainment
IRCTC india pvt ltd,Transport
AMAZON payment,Shopping
NYKAA payment,Shopping
CASHBACK 41428,Income
MYNTRA txn 10071,Shopping
PIZZA HUT payment,Food
SPOTIFY india pvt ltd,Entertainment
IRCTC payment,Transport
UPI-HOSPITAL-99668,Medical
SPOTIFY order 88317,Entertainment
TRANSFER bill payment,Others
WIFI txn 15729,Bills
IRCTC txn 41949,Transport
UPI-METRO-95085,Transport
ZOMATO order 65020,Food
BOOKMYSHOW txn 49352,Entertainment
GAS BILL order 39973,Bills
BONUS bill payment,Income
CLINIC bill payment,Medical
UPI-UNKNOWN PAYMENT-68019,Others
SALARY CREDITED payment,Income
REFUND india pvt ltd,Income
NYKAA 74160,Shopping
FLIPKART txn 32278,Shopping
IRCTC india pvt ltd,Transport
MISC 1332,Others
HOSPITAL payment,Medical
UPI-UNKNOWN PAYMENT-649,Others
TRANSFER 80081,Others
UBEREATS 55304,Food
GAS BILL bill payment,Bills
BROADBAND 85406,Bills
REFUND order 39447,Income
BUS TICKET india pvt ltd,Transport
UBER order 2612,Transport
BUS TICKET bill payment,Transport
HOSPITAL txn 122,Medical
UPI-SPOTIFY-70714,Entertainment
UPI-FLIPKART-16736,Shopping
RECHARGE 18156,Bills
BUS TICKET bill payment,Transport
UNKNOWN PAYMENT payment,Others
UBER bill payment,Transport
UNKNOWN PAYMENT bill payment,Others
TRANSFER txn 68169,Others
NYKAA india pvt ltd,Shopping
RECHARGE txn 23282,Bills
AJIO payment,Shopping
RAPIDO txn 61366,Transport
SPOTIFY order 73804,Entertainment
ELECTRICITY BILL bill payment,Bills
UPI-SALARY CREDITED-52624,Income
MISC order 19136,Others
UPI-BOOKMYSHOW-7368,Entertainment
MISC order 18499,Others
CLINIC 83847,Medical
ELECTRICITY BILL payment,Bills
BONUS 60276,Income
AMAZON order 80316,Shopping
MEDPLUS order 68863,Medical
UPI-BONUS-55473,Income
SALARY CREDITED bill payment,Income
HOTSTAR txn 93365,Entertainment
ELECTRICITY BILL india pvt ltd,Bills
IRCTC bill payment,Transport
PHARMACY payment,Medical
PHARMACY 91981,Medical
WIFI 44235,Bills
DOMINOS india pvt ltd,Food
SALARY CREDITED bill payment,Income
APOLLO PHARMACY bill payment,Medical
WATER BILL order 77702,Bills
PHARMACY 16222,Medical
PRIME VIDEO payment,Entertainment
BOOKMYSHOW txn 50771,Entertainment
UBEREATS india pvt ltd,Food
MISC bill payment,Others
BONUS txn 60970,Income
CASHBACK bill payment,Income
UPI-IRCTC-50285,Transport
PRIME VIDEO 43938,Entertainment
SALARY CREDITED bill payment,Income
ELECTRICITY BILL india pvt ltd,Bills
MEDPLUS india pvt ltd,Medical
CAFE india pvt ltd,Food
REFUND payment,Income
MEDPLUS 3179,Medical
SALARY CREDITED bill payment,Income
IRCTC india pvt ltd,Transport
MEDPLUS payment,Medical
BOOKMYSHOW order 66336,Entertainment
HOSPITAL order 56687,Medical
UPI-UBER-41363,Transport
MYNTRA india pvt ltd,Shopping
RECHARGE 60018,Bills
BOOKMYSHOW order 4992,Entertainment
MISC txn 25096,Others
HOSPITAL 59247,Medical
METRO txn 41873,Transport
OLA india pvt ltd,Transport
BOOKMYSHOW payment,Entertainment
MEDPLUS order 89515,Medical
GAS BILL order 20136,Bills
WIFI txn 47441,Bills
DOMINOS txn 17073,Food
GAS BILL 60911,Bills
METRO 96902,Transport
PHARMACY txn 19457,Medical
HOTSTAR india pvt ltd,Entertainment
APOLLO PHARMACY txn 19574,Medical
UPI-PIZZA HUT-10300,Food
APOLLO PHARMACY order 9346,Medical
UPI-FLIPKART-20412,Shopping
PRIME VIDEO 20564,Entertainment
KFC payment,Food
SWIGGY order 48776,Food
AMAZON txn 7967,Shopping
MEESHO 25636,Shopping
AMAZON bill payment,Shopping
UNKNOWN PAYMENT txn 26920,Others
REFUND bill payment,Income
MISC payment,Others
PRIME VIDEO bill payment,Entertainment
UPI-BONUS-44209,Income
WIFI bill payment,Bills
APOLLO PHARMACY bill payment,Medical
UBER bill payment,Transport
BUS TICKET india pvt ltd,Transport
UPI-UNKNOWN PAYMENT-6437,Others
METRO txn 56561,Transport
OLA txn 83157,Transport
BROADBAND payment,Bills
HOTSTAR payment,Entertainment
UPI-RECHARGE-94375,Bills
NETFLIX txn 20301,Entertainment
SPOTIFY 39205,Entertainment
OLA order 64185,Transport
MISC txn 25255,Others
IRCTC india pvt ltd,Transport
RAPIDO bill payment,Transport
CLINIC payment,Medical
SWIGGY txn 86397,Food
BONUS order 94764,Income
UPI-UBER-85192,Transport
AJIO order 13104,Shopping
FLIPKART 15211,Shopping
HOSPITAL payment,Medical
BROADBAND order 91653,Bills
UPI-MYNTRA-37134,Shopping
AJIO india pvt ltd,Shopping
HOTSTAR india pvt ltd,Entertainment
GAS BILL order 45541,Bills
UPI-MYNTRA-24524,Shopping
BOOKMYSHOW txn 43557,Entertainment
UPI-ELECTRICITY BILL-60571,Bills
NYKAA order 45782,Shopping
BOOKMYSHOW bill payment,Entertainment
APOLLO PHARMACY payment,Medical
BROADBAND txn 55392,Bills
TRANSFER payment,Others
AJIO india pvt ltd,Shopping
APOLLO PHARMACY india pvt ltd,Medical
BONUS order 86378,Income
IRCTC payment,Transport
BONUS 66314,Income
UPI-UBEREATS-80138,Food
MEDPLUS india pvt ltd,Medical
DOMINOS 31151,Food
CLINIC order 46944,Medical
PRIME VIDEO 11705,Entertainment
BROADBAND india pvt ltd,Bills
UBEREATS bill payment,Food
UPI-HOTSTAR-70875,Entertainment
UBEREATS order 82711,Food
CLINIC india pvt ltd,Medical
CAFE payment,Food
PIZZA HUT order 74722,Food
BROADBAND bill payment,Bills
BUS TICKET 46381,Transport
BONUS txn 81314,Income
MYNTRA payment,Shopping
PIZZA HUT bill payment,Food
UBER bill payment,Transport
METRO 52033,Transport
BROADBAND india pvt ltd,Bills
UPI-HOSPITAL-55444,Medical
ELECTRICITY BILL 33069,Bills
BONUS india pvt ltd,Income
FLIPKART 96548,Shopping
WATER BILL order 45746,Bills
HOTSTAR india pvt ltd,Entertainment
KFC bill payment,Food
GAS BILL bill payment,Bills
UPI-BONUS-31290,Income
METRO payment,Transport
SWIGGY txn 76157,Food
NETFLIX order 168,Entertainment
CAFE bill payment,Food
UPI-HOSPITAL-34471,Medical
TRANSFER txn 97465,Others
UPI-KFC-72135,Food
DOMINOS payment,Food
REFUND order 47394,Income
NETFLIX order 50998,Entertainment
BOOKMYSHOW bill payment,Entertainment
PIZZA HUT payment,Food
SWIGGY payment,Food
REFUND 88581,Income
SPOTIFY 3653,Entertainment
SPOTIFY payment,Entertainment
TRANSFER order 61039,Others
SALARY CREDITED txn 9888,Income
GAS BILL bill payment,Bills
TRANSFER txn 14034,Others
REFUND order 91250,Income
UNKNOWN PAYMENT txn 62222,Others
SPOTIFY txn 9733,Entertainment
KFC 65127,Food
HOSPITAL txn 52219,Medical
BROADBAND 34788,Bills
UPI-CAFE-45756,Food
NETFLIX india pvt ltd,Entertainment
HOTSTAR order 97065,Entertainment
BROADBAND payment,Bills
CAFE order 26184,Food
NYKAA order 6283,Shopping
UBER order 87015,Transport
UNKNOWN PAYMENT order 17382,Others
BUS TICKET txn 5100,Transport
SWIGGY order 45983,Food
CLINIC payment,Medical
HOTSTAR payment,Entertainment
CASHBACK txn 53096,Income
RECHARGE bill payment,Bills
TRANSFER payment,Others
UNKNOWN PAYMENT order 30449,Others
RAPIDO txn 25945,Transport
NYKAA bill payment,Shopping
DOMINOS txn 45268,Food
MYNTRA 39792,Shopping
WIFI txn 58839,Bills
TRANSFER 89292,Others
UPI-MEESHO-54363,Shopping
UPI-PRIME VIDEO-82739,Entertainment
PHARMACY 5594,Medical
SWIGGY txn 7211,Food
FLIPKART india pvt ltd,Shopping
ELECTRICITY BILL txn 1140,Bills
UBER order 45538,Transport
APOLLO PHARMACY order 60647,Medical
KFC payment,Food
TRANSFER txn 30848,Others
BUS TICKET order 59169,Transport
RAPIDO bill payment,Transport
MYNTRA order 93441,Shopping
HOSPITAL 46475,Medical
UBEREATS payment,Food
UPI-CASHBACK-61964,Income
SPOTIFY txn 71424,Entertainment
BONUS order 41601,Income
UBER payment,Transport
PRIME VIDEO txn 22669,Entertainment
ZOMATO bill payment,Food
APOLLO PHARMACY order 80038,Medical
SALARY CREDITED order 14638,Income
PIZZA HUT order 22402,Food
WIFI india pvt ltd,Bills
TRANSFER payment,Others
MISC order 41587,Others
UPI-ZOMATO-98467,Food
PRIME VIDEO txn 50005,Entertainment
PHARMACY bill payment,Medical
BOOKMYSHOW order 31097,Entertainment
UBEREATS payment,Food
MYNTRA bill payment,Shopping
AJIO india pvt ltd,Shopping
ELECTRICITY BILL bill payment,Bills
NYKAA txn 35460,Shopping
SALARY CREDITED bill payment,Income
UPI-MEDPLUS-94938,Medical
KFC india pvt ltd,Food
PRIME VIDEO india pvt ltd,Entertainment
BOOKMYSHOW order 83906,Entertainment
BOOKMYSHOW payment,Entertainment
UPI-PRIME VIDEO-32299,Entertainment
GAS BILL bill payment,Bills
WIFI 61955,Bills
UPI-RAPIDO-89565,Transport
CASHBACK order 49978,Income
REFUND txn 10685,Income
AMAZON india pvt ltd,Shopping
BUS TICKET payment,Transport
FLIPKART txn 29362,Shopping
AJIO india pvt ltd,Shopping
UBER payment,Transport
BONUS order 77539,Income
GAS BILL india pvt ltd,Bills
UPI-ELECTRICITY BILL-30735,Bills
SPOTIFY bill payment,Entertainment
PRIME VIDEO txn 41113,Entertainment
FLIPKART 7478,Shopping
NETFLIX india pvt ltd,Entertainment
BOOKMYSHOW 57718,Entertainment
CLINIC bill payment,Medical
MEDPLUS india pvt ltd,Medical
OLA txn 92273,Transport
UBEREATS 93531,Food
SALARY CREDITED india pvt ltd,Income
MEESHO bill payment,Shopping
GAS BILL payment,Bills
PHARMACY india pvt ltd,Medical
UPI-PIZZA HUT-21087,Food
MEESHO india pvt ltd,Shopping
GAS BILL payment,Bills
PIZZA HUT payment,Food
GAS BILL txn 75405,Bills
SALARY CREDITED order 29763,Income
NYKAA india pvt ltd,Shopping
FLIPKART 10299,Shopping
REFUND bill payment,Income
TRANSFER 63424,Others
RAPIDO 15874,Transport
UPI-NETFLIX-93204,Entertainment
UBER bill payment,Transport
SWIGGY txn 10293,Food
HOTSTAR payment,Entertainment
RECHARGE payment,Bills
GAS BILL india pvt ltd,Bills
AMAZON bill payment,Shopping
PRIME VIDEO txn 90968,Entertainment
NYKAA 4971,Shopping
NETFLIX india pvt ltd,Entertainment
PHARMACY order 25831,Medical
UNKNOWN PAYMENT bill payment,Others
CAFE txn 53332,Food
DOMINOS 438,Food
NYKAA order 39400,Shopping
BONUS 46268,Income
MISC payment,Others
NYKAA txn 72165,Shopping
UNKNOWN PAYMENT order 94667,Others
MEESHO bill payment,Shopping
UPI-CASHBACK-27971,Income
CASHBACK order 36431,Income
MISC payment,Others
RAPIDO india pvt ltd,Transport
MEDPLUS india pvt ltd,Medical
BOOKMYSHOW payment,Entertainment
UPI-GAS BILL-95669,Bills
HOTSTAR bill payment,Entertainment
BOOKMYSHOW india pvt ltd,Entertainment
DOMINOS payment,Food
MEDPLUS txn 67591,Medical
ZOMATO payment,Food
SALARY CREDITED bill payment,Income
NETFLIX txn 36587,Entertainment
SPOTIFY txn 34026,Entertainment
AJIO payment,Shopping
AMAZON bill payment,Shopping
BONUS 58333,Income
WATER BILL 17036,Bills
KFC india pvt ltd,Food
APOLLO PHARMACY bill payment,Medical
APOLLO PHARMACY bill payment,Medical
UPI-UBEREATS-52255,Food
WATER BILL order 86922,Bills
ZOMATO india pvt ltd,Food
BONUS india pvt ltd,Income
PRIME VIDEO order 90156,Entertainment
TRANSFER bill payment,Others
UBER bill payment,Transport
BONUS order 41190,Income
UNKNOWN PAYMENT bill payment,Others
AMAZON india pvt ltd,Shopping
AJIO payment,Shopping
WIFI payment,Bills
FLIPKART 75547,Shopping
DOMINOS txn 61723,Food
NETFLIX india pvt ltd,Entertainment
PRIME VIDEO order 87017,Entertainment
TRANSFER bill payment,Others
RAPIDO india pvt ltd,Transport
HOSPITAL order 96642,Medical
TRANSFER 1349,Others
ZOMATO 15696,Food
BROADBAND payment,Bills
UNKNOWN PAYMENT txn 65878,Others
WATER BILL payment,Bills
UNKNOWN PAYMENT txn 56756,Others
MISC bill payment,Others
UBEREATS payment,Food
BONUS payment,Income
APOLLO PHARMACY india pvt ltd,Medical
BUS TICKET bill payment,Transport
RECHARGE txn 40332,Bills
ZOMATO txn 54105,Food
AMAZON order 57276,Shopping
BOOKMYSHOW order 734,Entertainment
UPI-BOOKMYSHOW-62201,Entertainment
BONUS order 8617,Income
UBEREATS payment,Food
PRIME VIDEO 52850,Entertainment
AJIO txn 61318,Shopping
RECHARGE 25925,Bills
PHARMACY txn 56314,Medical
UNKNOWN PAYMENT payment,Others
BUS TICKET 8117,Transport
NETFLIX bill payment,Entertainment
SWIGGY payment,Food
OLA txn 19394,Transport
BUS TICKET payment,Transport
ELECTRICITY BILL payment,Bills
BONUS bill payment,Income
NETFLIX payment,Entertainment
MISC 75891,Others
UBER txn 50943,Transport
SPOTIFY india pvt ltd,Entertainment
REFUND bill payment,Income
PHARMACY payment,Medical
BONUS india pvt ltd,Income
HOTSTAR 5850,Entertainment
UPI-IRCTC-19053,Transport
KFC txn 52600,Food
BUS TICKET 28137,Transport
UPI-WIFI-73736,Bills
TRANSFER txn 13741,Others
PHARMACY bill payment,Medical
CASHBACK txn 10350,Income
WATER BILL india pvt ltd,Bills
KFC india pvt ltd,Food
APOLLO PHARMACY order 98122,Medical
ZOMATO txn 61814,Food
GAS BILL order 78962,Bills
MEDPLUS bill payment,Medical
UPI-APOLLO PHARMACY-3454,Medical
HOTSTAR 96184,Entertainment
CASHBACK india pvt ltd,Income
MEDPLUS order 90508,Medical
UPI-NYKAA-57897,Shopping
BONUS india pvt ltd,Income
UPI-UBEREATS-11129,Food
TRANSFER india pvt ltd,Others
MEDPLUS payment,Medical
CASHBACK txn 59434,Income
MEDPLUS order 48751,Medical
DOMINOS payment,Food
UPI-RAPIDO-55969,Transport
MYNTRA order 90591,Shopping
PRIME VIDEO order 57057,Entertainment
HOTSTAR txn 86723,Entertainment
IRCTC bill payment,Transport
HOTSTAR 55535,Entertainment
UPI-SWIGGY-1926,Food
UNKNOWN PAYMENT 40937,Others
METRO txn 46707,Transport
UBER 17682,Transport
MEDPLUS order 43240,Medical
NETFLIX bill payment,Entertainment
SALARY CREDITED bill payment,Income
IRCTC india pvt ltd,Transport
TRANSFER order 67510,Others
UBER india pvt ltd,Transport
BROADBAND payment,Bills
UNKNOWN PAYMENT order 5307,Others
MEESHO india pvt ltd,Shopping
MEDPLUS payment,Medical
RESTAURANT txn 63628,Food
REFUND india pvt ltd,Income
AJIO india pvt ltd,Shopping
RAPIDO order 85027,Transport
CASHBACK bill payment,Income
RECHARGE india pvt ltd,Bills
REFUND txn 87108,Income
HOSPITAL 77196,Medical
UPI-WIFI-42119,Bills
TRANSFER txn 34290,Others
AMAZON india pvt ltd,Shopping
FLIPKART txn 73668,Shopping
HOSPITAL payment,Medical
KFC payment,Food
MEDPLUS 92495,Medical
ZOMATO india pvt ltd,Food
UPI-ELECTRICITY BILL-27507,Bills
AJIO india pvt ltd,Shopping
HOSPITAL txn 25202,Medical
SPOTIFY order 89133,Entertainment
OLA bill payment,Transport
UPI-MISC-68104,Others
MEESHO payment,Shopping
METRO txn 76680,Transport
KFC txn 72240,Food
BUS TICKET india pvt ltd,Transport
MEDPLUS payment,Medical
BUS TICKET 68834,Transport
DOMINOS order 41974,Food
HOTSTAR txn 16718,Entertainment
RECHARGE bill payment,Bills
UPI-OLA-64529,Transport
CASHBACK 66430,Income
PRIME VIDEO txn 44444,Entertainment
UPI-SALARY CREDITED-83508,Income
ELECTRICITY BILL txn 75123,Bills
UNKNOWN PAYMENT 3652,Others
MEESHO 45026,Shopping
ELECTRICITY BILL order 11948,Bills
WIFI india pvt ltd,Bills
SALARY CREDITED order 19726,Income
MISC india pvt ltd,Others
BONUS payment,Income
AMAZON india pvt ltd,Shopping
NETFLIX payment,Entertainment
REFUND bill payment,Income
HOSPITAL payment,Medical
CLINIC bill payment,Medical
HOSPITAL payment,Medical
ELECTRICITY BILL india pvt ltd,Bills
WATER BILL txn 87959,Bills
NYKAA txn 1981,Shopping
NETFLIX india pvt ltd,Entertainment
WIFI india pvt ltd,Bills
UBER bill payment,Transport
CAFE order 42247,Food
UPI-UBEREATS-46365,Food
CAFE bill payment,Food
RECHARGE 85680,Bills
ELECTRICITY BILL india pvt ltd,Bills
AJIO bill payment,Shopping
BOOKMYSHOW bill payment,Entertainment
PHARMACY txn 34582,Medical
AMAZON 7211,Shopping
BONUS india pvt ltd,Income
METRO india pvt ltd,Transport
METRO 46467,Transport
NYKAA payment,Shopping
UBEREATS 86861,Food
AJIO payment,Shopping
UBEREATS txn 43260,Food
AJIO txn 28440,Shopping
HOTSTAR payment,Entertainment
UPI-RECHARGE-68961,Bills
IRCTC india pvt ltd,Transport
MISC india pvt ltd,Others
TRANSFER order 8099,Others
HOTSTAR india pvt ltd,Entertainment
MISC 58102,Others
METRO india pvt ltd,Transport
WIFI order 9641,Bills
IRCTC india pvt ltd,Transport
FLIPKART india pvt ltd,Shopping
CASHBACK india pvt ltd,Income
RAPIDO payment,Transport
MYNTRA 8891,Shopping
UPI-AJIO-6788,Shopping
HOSPITAL 10382,Medical
SALARY CREDITED payment,Income
CLINIC 83615,Medical
WIFI bill payment,Bills
BROADBAND txn 82423,Bills
SWIGGY bill payment,Food
FLIPKART india pvt ltd,Shopping
FLIPKART order 26962,Shopping
WATER BILL payment,Bills
SPOTIFY india pvt ltd,Entertainment
NETFLIX india pvt ltd,Entertainment
TRANSFER order 4255,Others
PRIME VIDEO 56872,Entertainment
BUS TICKET order 28672,Transport
UPI-RAPIDO-40268,Transport
MEESHO payment,Shopping
REFUND txn 42718,Income
NETFLIX order 44210,Entertainment
MEDPLUS india pvt ltd,Medical
UNKNOWN PAYMENT payment,Others
MISC payment,Others
BOOKMYSHOW payment,Entertainment
RAPIDO txn 15008,Transport
UPI-PRIME VIDEO-9116,Entertainment
RECHARGE payment,Bills
AMAZON 61926,Shopping
PHARMACY order 56789,Medical
UBEREATS txn 25670,Food
PHARMACY payment,Medical
BUS TICKET order 20200,Transport
AMAZON payment,Shopping
UBEREATS bill payment,Food
UPI-BOOKMYSHOW-84972,Entertainment
NETFLIX order 22245,Entertainment
RECHARGE india pvt ltd,Bills
SPOTIFY 51668,Entertainment
UPI-SWIGGY-84780,Food
UNKNOWN PAYMENT order 77899,Others
TRANSFER txn 83629,Others
UNKNOWN PAYMENT india pvt ltd,Others
MISC bill payment,Others
RAPIDO payment,Transport
UPI-ELECTRICITY BILL-81143,Bills
TRANSFER order 49865,Others
SWIGGY txn 1674,Food
PHARMACY bill payment,Medical
PRIME VIDEO bill payment,Entertainment
UNKNOWN PAYMENT 87321,Others
HOSPITAL india pvt ltd,Medical
BONUS order 48912,Income
RAPIDO order 4017,Transport
UPI-KFC-44035,Food
APOLLO PHARMACY india pvt ltd,Medical
BOOKMYSHOW order 19545,Entertainment
FLIPKART india pvt ltd,Shopping
UPI-NYKAA-19353,Shopping
MEESHO payment,Shopping
SWIGGY payment,Food
MISC 12687,Others
UPI-RESTAURANT-9622,Food
IRCTC 44939,Transport
RAPIDO bill payment,Transport
AJIO 92201,Shopping
RAPIDO 93391,Transport
TRANSFER india pvt ltd,Others
UPI-BUS TICKET-3279,Transport
SALARY CREDITED txn 45232,Income
UBER 60058,Transport
NYKAA india pvt ltd,Shopping
AMAZON 98130,Shopping
UBEREATS order 58068,Food
CLINIC 40057,Medical
PHARMACY 45503,Medical
HOTSTAR bill payment,Entertainment
UPI-MEESHO-8196,Shopping
DOMINOS india pvt ltd,Food
DOMINOS txn 62611,Food
UPI-WIFI-44972,Bills
PHARMACY 7045,Medical
METRO bill payment,Transport
UPI-WATER BILL-19556,Bills
MEDPLUS txn 8933,Medical
GAS BILL india pvt ltd,Bills
SALARY CREDITED order 73542,Income
UPI-PRIME VIDEO-45749,Entertainment
CAFE 32946,Food
UBEREATS india pvt ltd,Food
UNKNOWN PAYMENT order 36552,Others
METRO india pvt ltd,Transport
UNKNOWN PAYMENT 34795,Others
UBER 50343,Transport
PRIME VIDEO order 6416,Entertainment
CASHBACK payment,Income
REFUND payment,Income
UPI-PIZZA HUT-25407,Food
CAFE txn 58612,Food
WIFI payment,Bills
WIFI payment,Bills
WATER BILL order 96101,Bills
WATER BILL india pvt ltd,Bills
MEESHO bill payment,Shopping
CASHBACK txn 44420,Income
BOOKMYSHOW bill payment,Entertainment
CASHBACK 51627,Income
WIFI order 69982,Bills
PRIME VIDEO txn 79578,Entertainment
UPI-MEDPLUS-57369,Medical
MYNTRA bill payment,Shopping
CASHBACK txn 79881,Income
UPI-BROADBAND-3090,Bills
REFUND india pvt ltd,Income
MYNTRA payment,Shopping
UPI-CAFE-20741,Food
UPI-DOMINOS-68753,Food
UPI-NETFLIX-70530,Entertainment
RAPIDO txn 49555,Transport
CLINIC txn 592,Medical
OLA order 60799,Transport
MISC india pvt ltd,Others
KFC india pvt ltd,Food
CLINIC bill payment,Medical
APOLLO PHARMACY order 83074,Medical
WIFI 43368,Bills
DOMINOS india pvt ltd,Food
BONUS 6003,Income
BROADBAND india pvt ltd,Bills
RAPIDO order 48219,Transport
PRIME VIDEO 76706,Entertainment
UPI-APOLLO PHARMACY-79279,Medical
NETFLIX 92209,Entertainment
METRO india pvt ltd,Transport
UPI-APOLLO PHARMACY-66517,Medical
UNKNOWN PAYMENT order 50279,Others
UNKNOWN PAYMENT order 64237,Others
SALARY CREDITED 51466,Income
UPI-BONUS-75958,Income
APOLLO PHARMACY 5945,Medical
CLINIC payment,Medical
CAFE 17417,Food
APOLLO PHARMACY india pvt ltd,Medical
UPI-TRANSFER-12380,Others
UPI-NETFLIX-81230,Entertainment
PRIME VIDEO 64977,Entertainment
SALARY CREDITED payment,Income
METRO payment,Transport
NETFLIX 97981,Entertainment
TRANSFER txn 6087,Others
HOSPITAL payment,Medical
REFUND bill payment,Income
UPI-MISC-91200,Others
BUS TICKET order 61669,Transport
CLINIC order 28308,Medical
SALARY CREDITED order 92857,Income
ZOMATO payment,Food
ZOMATO india pvt ltd,Food
BUS TICKET order 78249,Transport
UPI-AJIO-77189,Shopping
DOMINOS bill payment,Food
NETFLIX txn 25775,Entertainment
PRIME VIDEO bill payment,Entertainment
PHARMACY order 13647,Medical
PRIME VIDEO india pvt ltd,Entertainment
UPI-UNKNOWN PAYMENT-60677,Others
HOSPITAL 53805,Medical
RAPIDO txn 15609,Transport
SALARY CREDITED india pvt ltd,Income
PHARMACY bill payment,Medical
BROADBAND bill payment,Bills
BONUS payment,Income
ZOMATO payment,Food
WATER BILL india pvt ltd,Bills
CLINIC order 20250,Medical
UBER bill payment,Transport
METRO payment,Transport
CLINIC order 84403,Medical
UBEREATS bill payment,Food
MEESHO 22648,Shopping
UBEREATS txn 49578,Food
AJIO payment,Shopping
UNKNOWN PAYMENT txn 91918,Others
AMAZON bill payment,Shopping
PIZZA HUT txn 72541,Food
BONUS bill payment,Income
AJIO india pvt ltd,Shopping
MISC bill payment,Others
AMAZON txn 54396,Shopping
ELECTRICITY BILL txn 76739,Bills
UPI-GAS BILL-97074,Bills
OLA order 85576,Transport
MYNTRA txn 53196,Shopping
REFUND 81727,Income
UNKNOWN PAYMENT txn 82589,Others
CASHBACK payment,Income
REFUND txn 5856,Income
MEDPLUS bill payment,Medical
TRANSFER order 16605,Others
NETFLIX payment,Entertainment
CASHBACK payment,Income
SALARY CREDITED payment,Income
PHARMACY bill payment,Medical
MEDPLUS india pvt ltd,Medical
FLIPKART txn 54172,Shopping
UPI-PIZZA HUT-36299,Food
SALARY CREDITED india pvt ltd,Income
CASHBACK order 36957,Income
OLA txn 13248,Transport
APOLLO PHARMACY bill payment,Medical
PRIME VIDEO india pvt ltd,Entertainment
HOSPITAL india pvt ltd,Medical
UPI-TRANSFER-16586,Others
UBEREATS india pvt ltd,Food
SALARY CREDITED bill payment,Income
TRANSFER 46627,Others
SPOTIFY payment,Entertainment
FLIPKART payment,Shopping
GAS BILL bill payment,Bills
CLINIC 11114,Medical
PHARMACY txn 41066,Medical
PHARMACY 36029,Medical
UBER payment,Transport
CASHBACK india pvt ltd,Income
AJIO payment,Shopping
TRANSFER order 14990,Others
UPI-NYKAA-10206,Shopping
CASHBACK bill payment,Income
CASHBACK bill payment,Income
RECHARGE 62363,Bills
AJIO 71026,Shopping
REFUND payment,Income
CAFE txn 68609,Food
CLINIC payment,Medical
UPI-NYKAA-49997,Shopping
UPI-SALARY CREDITED-58851,Income
NYKAA bill payment,Shopping
UBER 12688,Transport
REFUND order 36073,Income
KFC bill payment,Food
PHARMACY txn 1438,Medical
UPI-GAS BILL-61470,Bills
BOOKMYSHOW payment,Entertainment
BONUS txn 77048,Income
BONUS txn 5853,Income
UBEREATS bill payment,Food
UPI-CLINIC-90425,Medical
UNKNOWN PAYMENT order 77492,Others
DOMINOS india pvt ltd,Food
WATER BILL 29036,Bills
MYNTRA txn 75367,Shopping
BOOKMYSHOW payment,Entertainment
MEDPLUS india pvt ltd,Medical
OLA bill payment,Transport
HOTSTAR payment,Entertainment
HOTSTAR bill payment,Entertainment
REFUND india pvt ltd,Income
MEESHO 3027,Shopping
AJIO txn 60291,Shopping
HOSPITAL india pvt ltd,Medical
UPI-PHARMACY-97377,Medical
METRO 74891,Transport
RESTAURANT txn 56577,Food
UPI-FLIPKART-87205,Shopping
RECHARGE order 77779,Bills
WIFI txn 34725,Bills
TRANSFER 29578,Others
APOLLO PHARMACY payment,Medical
AMAZON payment,Shopping
PRIME VIDEO order 16055,Entertainment
ELECTRICITY BILL payment,Bills
REFUND payment,Income
PHARMACY 31288,Medical
BUS TICKET bill payment,Transport
REFUND bill payment,Income
APOLLO PHARMACY order 1904,Medical
UNKNOWN PAYMENT payment,Others
UPI-ZOMATO-56088,Food
RAPIDO india pvt ltd,Transport
CLINIC payment,Medical
AMAZON 6436,Shopping
BROADBAND bill payment,Bills
AMAZON payment,Shopping
SALARY CREDITED order 35857,Income
MEDPLUS india pvt ltd,Medical
UNKNOWN PAYMENT order 68093,Others
UNKNOWN PAYMENT 62819,Others
OLA txn 78547,Transport
IRCTC india pvt ltd,Transport
CASHBACK order 24955,Income
GAS BILL bill payment,Bills
PHARMACY txn 28856,Medical
UPI-NYKAA-39429,Shopping
OLA order 21559,Transport
UPI-PRIME VIDEO-35477,Entertainment
UBER india pvt ltd,Transport
CAFE bill payment,Food
KFC bill payment,Food
ELECTRICITY BILL 88331,Bills
RECHARGE order 14660,Bills
ELECTRICITY BILL txn 83120,Bills
UBER payment,Transport
CAFE payment,Food
DOMINOS bill payment,Food
BONUS 77497,Income
TRANSFER india pvt ltd,Others
DOMINOS txn 93529,Food
WATER BILL payment,Bills
AJIO 38838,Shopping
SPOTIFY india pvt ltd,Entertainment
UPI-METRO-83887,Transport
PIZZA HUT payment,Food
UPI-DOMINOS-11945,Food
RECHARGE payment,Bills
MISC payment,Others
WATER BILL order 40541,Bills
RAPIDO order 25704,Transport
MEESHO payment,Shopping
APOLLO PHARMACY india pvt ltd,Medical
UPI-APOLLO PHARMACY-64117,Medical
BONUS india pvt ltd,Income
REFUND bill payment,Income
MEESHO txn 34446,Shopping
MYNTRA 58483,Shopping
SALARY CREDITED order 60016,Income
HOSPITAL bill payment,Medical
UPI-ZOMATO-95151,Food
KFC txn 39765,Food
IRCTC order 85453,Transport
UBEREATS 3184,Food
UNKNOWN PAYMENT order 23702,Others
HOTSTAR order 54231,Entertainment
APOLLO PHARMACY order 57823,Medical
PRIME VIDEO payment,Entertainment
BONUS payment,Income
CASHBACK bill payment,Income
NYKAA 38095,Shopping
HOSPITAL bill payment,Medical
UPI-IRCTC-86547,Transport
BONUS txn 15741,Income
SALARY CREDITED order 16515,Income
UPI-SPOTIFY-96656,Entertainment
MISC txn 74755,Others
MYNTRA txn 97044,Shopping
BONUS txn 23322,Income
MEESHO txn 19549,Shopping
AJIO bill payment,Shopping
GAS BILL txn 90636,Bills
WIFI bill payment,Bills
BONUS txn 62310,Income
TRANSFER payment,Others
TRANSFER txn 47499,Others
BROADBAND bill payment,Bills
BOOKMYSHOW bill payment,Entertainment
BONUS txn 8311,Income
PRIME VIDEO bill payment,Entertainment
APOLLO PHARMACY 70994,Medical
UPI-SPOTIFY-20010,Entertainment
CASHBACK order 71700,Income
SPOTIFY txn 81183,Entertainment
METRO india pvt ltd,Transport
CLINIC order 53721,Medical
NYKAA payment,Shopping
WIFI 30735,Bills
REFUND india pvt ltd,Income
FLIPKART order 2935,Shopping
PRIME VIDEO 44937,Entertainment
BOOKMYSHOW india pvt ltd,Entertainment
NETFLIX 23948,Entertainment
RAPIDO bill payment,Transport
MISC txn 3851,Others
RAPIDO 58620,Transport
CLINIC payment,Medical
MYNTRA india pvt ltd,Shopping
PHARMACY txn 43738,Medical
PHARMACY bill payment,Medical
METRO payment,Transport
UPI-BUS TICKET-65666,Transport
CASHBACK txn 17680,Income
BUS TICKET bill payment,Transport
SALARY CREDITED 66722,Income
UPI-RECHARGE-50728,Bills
UPI-HOSPITAL-98527,Medical
HOTSTAR txn 85734,Entertainment
MISC payment,Others
MEESHO india pvt ltd,Shopping
NYKAA payment,Shopping
UPI-MISC-29095,Others
WIFI bill payment,Bills
MISC order 9640,Others
NYKAA bill payment,Shopping
OLA order 47633,Transport
FLIPKART payment,Shopping
OLA india pvt ltd,Transport
TRANSFER india pvt ltd,Others
WIFI payment,Bills
SWIGGY payment,Food
SPOTIFY txn 88078,Entertainment
APOLLO PHARMACY payment,Medical
REFUND 62572,Income
CAFE order 95266,Food
UPI-BONUS-15134,Income
WATER BILL txn 97477,Bills
IRCTC txn 57952,Transport
RESTAURANT 28518,Food
UNKNOWN PAYMENT 32537,Others
UNKNOWN PAYMENT india pvt ltd,Others
RECHARGE payment,Bills
AJIO order 87938,Shopping
MISC bill payment,Others
NETFLIX bill payment,Entertainment
MISC india pvt ltd,Others
METRO order 86023,Transport
WATER BILL order 1638,Bills
UPI-BONUS-54148,Income
PHARMACY order 85479,Medical
PHARMACY txn 53761,Medical
APOLLO PHARMACY txn 52750,Medical
MEDPLUS 68810,Medical
REFUND 84519,Income
SWIGGY payment,Food
MISC order 97360,Others
IRCTC india pvt ltd,Transport
UNKNOWN PAYMENT 23539,Others
TRANSFER india pvt ltd,Others
ZOMATO order 27357,Food
RAPIDO bill payment,Transport
PHARMACY order 3757,Medical
UPI-UNKNOWN PAYMENT-5855,Others
UBER bill payment,Transport
APOLLO PHARMACY payment,Medical
UPI-RAPIDO-59598,Transport
BONUS txn 92621,Income
TRANSFER bill payment,Others
CASHBACK india pvt ltd,Income
RAPIDO india pvt ltd,Transport
APOLLO PHARMACY bill payment,Medical
SALARY CREDITED payment,Income
NETFLIX txn 71537,Entertainment
MEESHO txn 99251,Shopping
BROADBAND bill payment,Bills
TRANSFER order 7794,Others
TRANSFER 55068,Others
SPOTIFY india pvt ltd,Entertainment
UPI-SALARY CREDITED-48029,Income
METRO txn 80412,Transport
BUS TICKET 57831,Transport
SALARY CREDITED india pvt ltd,Income
AMAZON 34533,Shopping
WATER BILL bill payment,Bills
WATER BILL 92849,Bills
UPI-HOTSTAR-4720,Entertainment
PRIME VIDEO payment,Entertainment
METRO payment,Transport
SALARY CREDITED india pvt ltd,Income
BROADBAND payment,Bills
UNKNOWN PAYMENT order 76918,Others
MEDPLUS 21304,Medical
BUS TICKET order 28973,Transport
KFC payment,Food
ELECTRICITY BILL india pvt ltd,Bills
UNKNOWN PAYMENT order 94125,Others
REFUND txn 86591,Income
UNKNOWN PAYMENT bill payment,Others
IRCTC bill payment,Transport
WIFI order 51386,Bills
SALARY CREDITED order 38786,Income
UPI-HOSPITAL-17154,Medical
SALARY CREDITED india pvt ltd,Income
KFC india pvt ltd,Food
PIZZA HUT txn 798,Food
IRCTC order 12455,Transport
CAFE india pvt ltd,Food
SALARY CREDITED txn 26475,Income
METRO 59620,Transport
HOSPITAL order 808,Medical
UBEREATS 39618,Food
UBEREATS order 12845,Food
UPI-BUS TICKET-69779,Transport
MISC txn 81151,Others
AMAZON 99077,Shopping
BONUS india pvt ltd,Income
IRCTC india pvt ltd,Transport
HOTSTAR 95469,Entertainment
FLIPKART india pvt ltd,Shopping
MISC payment,Others
WIFI payment,Bills
MISC 16358,Others
MEDPLUS payment,Medical
AJIO bill payment,Shopping
ZOMATO txn 57992,Food
OLA order 89070,Transport
SALARY CREDITED txn 54495,Income
RAPIDO order 43928,Transport
RECHARGE order 9209,Bills
PHARMACY payment,Medical
RECHARGE payment,Bills
CLINIC txn 34074,Medical
APOLLO PHARMACY 89047,Medical
HOTSTAR india pvt ltd,Entertainment
WIFI order 35738,Bills
MISC bill payment,Others
UNKNOWN PAYMENT payment,Others
PHARMACY bill payment,Medical
FLIPKART order 44933,Shopping
BOOKMYSHOW payment,Entertainment
TRANSFER india pvt ltd,Others
CLINIC order 85221,Medical
MEDPLUS 94493,Medical
GAS BILL txn 73136,Bills
METRO order 65979,Transport
WATER BILL 11944,Bills
MISC payment,Others
PHARMACY bill payment,Medical
UPI-SALARY CREDITED-96136,Income
MEDPLUS order 620,Medical
IRCTC bill payment,Transport
CASHBACK bill payment,Income
MISC order 77378,Others
FLIPKART order 27863,Shopping
BROADBAND 34873,Bills
BOOKMYSHOW payment,Entertainment
TRANSFER bill payment,Others
BOOKMYSHOW bill payment,Entertainment
BUS TICKET payment,Transport
SWIGGY payment,Food
UNKNOWN PAYMENT bill payment,Others
MISC 76081,Others
HOSPITAL txn 87781,Medical
CAFE order 24309,Food
TRANSFER txn 81043,Others
UPI-SPOTIFY-16924,Entertainment
MISC india pvt ltd,Others
BUS TICKET payment,Transport
UNKNOWN PAYMENT bill payment,Others
GAS BILL order 4348,Bills
CLINIC bill payment,Medical
NYKAA payment,Shopping
TRANSFER txn 1120,Others
ELECTRICITY BILL india pvt ltd,Bills
WATER BILL order 98695,Bills
PHARMACY 18385,Medical
MISC india pvt ltd,Others
WIFI 88093,Bills
UPI-SPOTIFY-44357,Entertainment
IRCTC 60914,Transport
UPI-ZOMATO-94791,Food
IRCTC txn 15939,Transport
OLA 61842,Transport
UNKNOWN PAYMENT bill payment,Others
ZOMATO txn 10416,Food
UPI-ZOMATO-59157,Food
AJIO txn 51731,Shopping
IRCTC txn 69365,Transport
UNKNOWN PAYMENT order 66444,Others
UBER payment,Transport
NETFLIX 33448,Entertainment
RESTAURANT india pvt ltd,Food
REFUND 44678,Income
UPI-UNKNOWN PAYMENT-20358,Others
UPI-HOTSTAR-79354,Entertainment
OLA india pvt ltd,Transport
BOOKMYSHOW 37422,Entertainment
WATER BILL bill payment,Bills
UNKNOWN PAYMENT order 23165,Others
UPI-SWIGGY-45145,Food
NYKAA payment,Shopping
MEDPLUS bill payment,Medical
BONUS txn 82061,Income
REFUND order 22325,Income
RAPIDO order 65339,Transport
UPI-MYNTRA-88214,Shopping
UPI-MISC-18576,Others
UPI-IRCTC-92323,Transport
CAFE 41208,Food
REFUND order 72652,Income
UBER payment,Transport
WATER BILL bill payment,Bills
PIZZA HUT order 25970,Food
BUS TICKET payment,Transport
UPI-FLIPKART-3092,Shopping
RESTAURANT payment,Food
UBER payment,Transport
PRIME VIDEO bill payment,Entertainment
NYKAA 56507,Shopping
UPI-SALARY CREDITED-77409,Income
BUS TICKET order 43711,Transport
DOMINOS payment,Food
CLINIC 65973,Medical
CLINIC india pvt ltd,Medical
TRANSFER order 48471,Others
UNKNOWN PAYMENT bill payment,Others
UPI-APOLLO PHARMACY-87255,Medical
AJIO bill payment,Shopping
METRO payment,Transport
BROADBAND order 3503,Bills
BUS TICKET order 70753,Transport
IRCTC order 90891,Transport
WATER BILL 7002,Bills
UNKNOWN PAYMENT 42186,Others
HOTSTAR order 98949,Entertainment
SALARY CREDITED 18132,Income
CLINIC india pvt ltd,Medical
PRIME VIDEO txn 66144,Entertainment
CASHBACK payment,Income
SPOTIFY order 1321,Entertainment
MISC txn 51715,Others
RECHARGE txn 15564,Bills
UPI-SALARY CREDITED-29653,Income
CLINIC bill payment,Medical
PRIME VIDEO payment,Entertainment
PHARMACY txn 21177,Medical
UBEREATS india pvt ltd,Food
CASHBACK bill payment,Income
ZOMATO bill payment,Food
PHARMACY 42585,Medical
WIFI 82349,Bills
UNKNOWN PAYMENT bill payment,Others
MISC india pvt ltd,Others
UPI-BOOKMYSHOW-71219,Entertainment
APOLLO PHARMACY payment,Medical
AMAZON payment,Shopping
IRCTC order 80711,Transport
HOSPITAL bill payment,Medical
UNKNOWN PAYMENT payment,Others
MISC payment,Others
FLIPKART payment,Shopping
UBER order 74271,Transport
HOSPITAL txn 70958,Medical
NYKAA txn 46537,Shopping
RESTAURANT bill payment,Food
CAFE bill payment,Food
UPI-SPOTIFY-9729,Entertainment
UPI-BUS TICKET-94902,Transport
NETFLIX order 99386,Entertainment
MYNTRA order 14670,Shopping
RESTAURANT 92075,Food
BROADBAND bill payment,Bills
PHARMACY 66339,Medical
REFUND bill payment,Income
PRIME VIDEO txn 85088,Entertainment
UBER 35085,Transport
UPI-BUS TICKET-33133,Transport
RECHARGE payment,Bills
ELECTRICITY BILL payment,Bills
UPI-CAFE-43351,Food
HOTSTAR order 24036,Entertainment
BUS TICKET order 17945,Transport
MYNTRA bill payment,Shopping
AJIO order 89810,Shopping
TRANSFER txn 44853,Others
OLA order 42273,Transport
BONUS txn 42867,Income
SPOTIFY txn 75490,Entertainment
UPI-PRIME VIDEO-59633,Entertainment
MISC bill payment,Others
RECHARGE txn 64579,Bills
SALARY CREDITED india pvt ltd,Income
UPI-METRO-78653,Transport
METRO order 71236,Transport
CASHBACK india pvt ltd,Income
BOOKMYSHOW india pvt ltd,Entertainment
REFUND order 19678,Income
PRIME VIDEO 3796,Entertainment
WATER BILL bill payment,Bills
ZOMATO txn 59844,Food
MISC bill payment,Others
HOTSTAR txn 49750,Entertainment
METRO txn 16524,Transport
OLA order 15273,Transport
BROADBAND order 32045,Bills
ZOMATO payment,Food
RAPIDO bill payment,Transport
SWIGGY 93176,Food
CASHBACK bill payment,Income
APOLLO PHARMACY 19292,Medical
GAS BILL txn 72293,Bills
PHARMACY order 84156,Medical
SALARY CREDITED 75045,Income
GAS BILL payment,Bills
MYNTRA txn 87333,Shopping
PHARMACY txn 30021,Medical
MYNTRA bill payment,Shopping
RECHARGE bill payment,Bills
HOTSTAR bill payment,Entertainment
CLINIC payment,Medical
BROADBAND txn 51601,Bills
UBER order 37521,Transport
NETFLIX payment,Entertainment
ZOMATO payment,Food
UPI-PHARMACY-39028,Medical
RESTAURANT india pvt ltd,Food
PRIME VIDEO 42219,Entertainment
WATER BILL payment,Bills
CAFE order 65306,Food
KFC bill payment,Food
CASHBACK order 29695,Income
UPI-UNKNOWN PAYMENT-26409,Others
UBEREATS order 90581,Food
SPOTIFY 91111,Entertainment
UPI-REFUND-74527,Income
CASHBACK order 15084,Income
UPI-UNKNOWN PAYMENT-44014,Others
CASHBACK bill payment,Income
UPI-SWIGGY-78241,Food
NETFLIX txn 23955,Entertainment
ZOMATO bill payment,Food
SALARY CREDITED order 6364,Income
UBEREATS txn 31462,Food
UPI-UBER-36612,Transport
PHARMACY india pvt ltd,Medical
FLIPKART bill payment,Shopping
RAPIDO 50436,Transport
TRANSFER order 6760,Others
ELECTRICITY BILL order 51785,Bills
BOOKMYSHOW india pvt ltd,Entertainment
PRIME VIDEO payment,Entertainment
IRCTC order 71962,Transport
KFC order 36128,Food
UNKNOWN PAYMENT order 64730,Others
ZOMATO bill payment,Food
CASHBACK order 41212,Income
MISC bill payment,Others
SALARY CREDITED txn 82191,Income
UPI-ELECTRICITY BILL-68134,Bills
REFUND payment,Income
RECHARGE bill payment,Bills
UBER txn 96684,Transport
MYNTRA india pvt ltd,Shopping
SWIGGY payment,Food
ZOMATO txn 93257,Food
APOLLO PHARMACY order 14567,Medical
AJIO 12279,Shopping
RECHARGE 51806,Bills
IRCTC 44383,Transport
OLA payment,Transport
REFUND india pvt ltd,Income
METRO bill payment,Transport
MYNTRA india pvt ltd,Shopping
MEDPLUS payment,Medical
BOOKMYSHOW 94877,Entertainment
ELECTRICITY BILL india pvt ltd,Bills
TRANSFER payment,Others
SALARY CREDITED payment,Income
CAFE 97143,Food
WATER BILL order 69272,Bills
WIFI bill payment,Bills
BONUS txn 78068,Income
CLINIC order 10991,Medical
NETFLIX order 78754,Entertainment
OLA payment,Transport
RESTAURANT payment,Food
DOMINOS 68515,Food
IRCTC india pvt ltd,Transport
BROADBAND payment,Bills
UPI-FLIPKART-76615,Shopping
UNKNOWN PAYMENT payment,Others
UBER 16189,Transport
AJIO order 93828,Shopping
BONUS order 97855,Income
GAS BILL india pvt ltd,Bills
NETFLIX order 85523,Entertainment
METRO bill payment,Transport
PHARMACY 33942,Medical
SPOTIFY 33569,Entertainment
MYNTRA txn 92871,Shopping
CLINIC india pvt ltd,Medical
TRANSFER bill payment,Others
CLINIC 70364,Medical
KFC bill payment,Food
RECHARGE payment,Bills
PIZZA HUT order 82978,Food
GAS BILL 99813,Bills
UPI-APOLLO PHARMACY-34409,Medical
UPI-METRO-33181,Transport
SALARY CREDITED india pvt ltd,Income
SWIGGY bill payment,Food
SPOTIFY payment,Entertainment
APOLLO PHARMACY 34570,Medical
PHARMACY order 71946,Medical
UPI-NYKAA-55682,Shopping
HOTSTAR txn 99681,Entertainment
GAS BILL 13240,Bills
UPI-WATER BILL-66381,Bills
FLIPKART bill payment,Shopping
UPI-AMAZON-72399,Shopping
WIFI txn 4877,Bills
NETFLIX bill payment,Entertainment
IRCTC payment,Transport
UPI-BOOKMYSHOW-92950,Entertainment
PRIME VIDEO order 56267,Entertainment
CASHBACK order 56010,Income
UNKNOWN PAYMENT bill payment,Others
WATER BILL bill payment,Bills
PRIME VIDEO 1025,Entertainment
ELECTRICITY BILL 47700,Bills
BONUS order 21206,Income
KFC txn 78443,Food
SALARY CREDITED 682,Income
METRO bill payment,Transport
NYKAA txn 52942,Shopping
TRANSFER order 19759,Others
HOTSTAR bill payment,Entertainment
TRANSFER txn 75964,Others
PRIME VIDEO payment,Entertainment
RESTAURANT bill payment,Food
ZOMATO bill payment,Food
TRANSFER order 82459,Others
UPI-GAS BILL-16945,Bills
MEDPLUS bill payment,Medical
UPI-RESTAURANT-81363,Food
PRIME VIDEO txn 65017,Entertainment
BONUS payment,Income
UPI-PIZZA HUT-9990,Food
CASHBACK bill payment,Income
ELECTRICITY BILL 87118,Bills
MISC payment,Others
MEDPLUS india pvt ltd,Medical
UPI-MYNTRA-87200,Shopping
DOMINOS bill payment,Food
TRANSFER txn 90491,Others
REFUND payment,Income
UBEREATS order 96655,Food
UPI-UNKNOWN PAYMENT-96741,Others
RAPIDO 26676,Transport
CASHBACK order 43930,Income
PIZZA HUT 36788,Food
BONUS order 25916,Income
REFUND txn 35974,Income
BUS TICKET 87387,Transport
HOTSTAR 32651,Entertainment
UBEREATS txn 36520,Food
TRANSFER payment,Others
PRIME VIDEO order 30528,Entertainment
CASHBACK txn 68298,Income
RAPIDO payment,Transport
TRANSFER 52859,Others
UNKNOWN PAYMENT txn 11745,Others
NYKAA 22528,Shopping
SPOTIFY bill payment,Entertainment
BOOKMYSHOW bill payment,Entertainment
NYKAA payment,Shopping
TRANSFER order 99020,Others
SPOTIFY txn 21766,Entertainment
CASHBACK order 70262,Income
CASHBACK order 52910,Income
WATER BILL txn 60186,Bills
UPI-HOSPITAL-20385,Medical
UPI-APOLLO PHARMACY-98590,Medical
NETFLIX 31398,Entertainment
BONUS 95417,Income
BONUS 48839,Income
BONUS india pvt ltd,Income
UPI-SALARY CREDITED-48907,Income
SALARY CREDITED india pvt ltd,Income
MEDPLUS india pvt ltd,Medical
OLA order 15786,Transport
UPI-RESTAURANT-64259,Food
BOOKMYSHOW 90195,Entertainment
UPI-CAFE-28782,Food
UBER txn 27576,Transport
SPOTIFY bill payment,Entertainment
MYNTRA payment,Shopping
UPI-CAFE-76089,Food
RECHARGE india pvt ltd,Bills
HOSPITAL india pvt ltd,Medical
SPOTIFY txn 82452,Entertainment
OLA 89022,Transport
UNKNOWN PAYMENT india pvt ltd,Others
HOTSTAR payment,Entertainment
CASHBACK bill payment,Income
MEDPLUS india pvt ltd,Medical
SALARY CREDITED payment,Income
RAPIDO txn 84072,Transport
AMAZON india pvt ltd,Shopping
BUS TICKET order 54231,Transport
NYKAA bill payment,Shopping
SALARY CREDITED bill payment,Income
UPI-METRO-91632,Transport
NYKAA txn 21649,Shopping
GAS BILL india pvt ltd,Bills
NYKAA txn 81332,Shopping
UPI-HOSPITAL-58745,Medical
WIFI order 89585,Bills
METRO order 79733,Transport
UBER txn 64347,Transport
OLA txn 79899,Transport
UPI-SWIGGY-19872,Food
UBEREATS india pvt ltd,Food
MISC payment,Others
MISC 99490,Others
UPI-BROADBAND-6120,Bills
ELECTRICITY BILL bill payment,Bills
HOTSTAR india pvt ltd,Entertainment
ELECTRICITY BILL india pvt ltd,Bills
UNKNOWN PAYMENT payment,Others
UPI-MEDPLUS-66550,Medical
BONUS 32795,Income
SALARY CREDITED txn 32447,Income
HOSPITAL txn 9134,Medical
ZOMATO bill payment,Food
BONUS india pvt ltd,Income
CLINIC order 92847,Medical
BOOKMYSHOW txn 63063,Entertainment
SWIGGY order 5206,Food
IRCTC india pvt ltd,Transport
NYKAA bill payment,Shopping
OLA 17770,Transport
BOOKMYSHOW payment,Entertainment
UBEREATS payment,Food
GAS BILL india pvt ltd,Bills
WATER BILL 35161,Bills
IRCTC order 37779,Transport
KFC bill payment,Food
WATER BILL india pvt ltd,Bills
BOOKMYSHOW txn 45529,Entertainment
AJIO 68453,Shopping
UBEREATS payment,Food
UBER payment,Transport
PHARMACY 29151,Medical
AMAZON payment,Shopping
UPI-UNKNOWN PAYMENT-91998,Others
FLIPKART 37946,Shopping
PIZZA HUT order 15946,Food
HOTSTAR bill payment,Entertainment
UNKNOWN PAYMENT bill payment,Others
PIZZA HUT bill payment,Food
CAFE payment,Food
DOMINOS india pvt ltd,Food
TRANSFER txn 3173,Others
REFUND bill payment,Income
FLIPKART india pvt ltd,Shopping
ELECTRICITY BILL payment,Bills
APOLLO PHARMACY payment,Medical
WATER BILL india pvt ltd,Bills
UPI-RAPIDO-46442,Transport
MYNTRA order 27603,Shopping
FLIPKART payment,Shopping
UPI-TRANSFER-77951,Others
AMAZON 82594,Shopping
SPOTIFY india pvt ltd,Entertainment
SALARY CREDITED bill payment,Income
SALARY CREDITED india pvt ltd,Income
UPI-MEESHO-7868,Shopping
BROADBAND india pvt ltd,Bills
UBER 45331,Transport
AJIO 31778,Shopping
ELECTRICITY BILL order 23390,Bills
ELECTRICITY BILL 81741,Bills
TRANSFER order 6348,Others
TRANSFER txn 69397,Others
PIZZA HUT txn 40264,Food
NETFLIX bill payment,Entertainment
HOSPITAL india pvt ltd,Medical
SWIGGY txn 95454,Food
UPI-WIFI-33122,Bills
UBER bill payment,Transport
SPOTIFY 40795,Entertainment
RAPIDO 23453,Transport
MYNTRA payment,Shopping
HOTSTAR india pvt ltd,Entertainment
TRANSFER txn 97121,Others
RAPIDO payment,Transport
RECHARGE payment,Bills
CAFE 48042,Food
UPI-SWIGGY-93773,Food
TRANSFER txn 69172,Others
WATER BILL payment,Bills
CAFE txn 66276,Food
MEESHO payment,Shopping
MISC 64019,Others
UPI-TRANSFER-66977,Others
METRO txn 70662,Transport
UPI-MEDPLUS-41294,Medical
TRANSFER 99084,Others
TRANSFER bill payment,Others
BUS TICKET payment,Transport
PIZZA HUT bill payment,Food
PIZZA HUT bill payment,Food
MISC payment,Others
CASHBACK order 23706,Income
HOSPITAL order 40132,Medical
BROADBAND txn 59688,Bills
IRCTC txn 17362,Transport
WATER BILL bill payment,Bills
APOLLO PHARMACY india pvt ltd,Medical
PRIME VIDEO india pvt ltd,Entertainment
APOLLO PHARMACY india pvt ltd,Medical
APOLLO PHARMACY payment,Medical
UBEREATS india pvt ltd,Food
CASHBACK india pvt ltd,Income
HOSPITAL bill payment,Medical
MEESHO txn 1995,Shopping
PRIME VIDEO bill payment,Entertainment
UPI-APOLLO PHARMACY-60360,Medical
DOMINOS 36334,Food
MEDPLUS india pvt ltd,Medical
UBEREATS txn 69162,Food
NYKAA 89629,Shopping
UBEREATS bill payment,Food
TRANSFER txn 41146,Others
OLA payment,Transport
WATER BILL txn 18706,Bills
SPOTIFY india pvt ltd,Entertainment
WIFI order 68545,Bills
CASHBACK payment,Income
CASHBACK 19861,Income
BONUS order 96607,Income
MISC india pvt ltd,Others
AMAZON order 34362,Shopping
UPI-IRCTC-27909,Transport
UPI-BOOKMYSHOW-79280,Entertainment
DOMINOS order 75515,Food
HOSPITAL txn 77649,Medical
BROADBAND payment,Bills
BOOKMYSHOW 53187,Entertainment
UPI-BROADBAND-66261,Bills
REFUND india pvt ltd,Income
SPOTIFY bill payment,Entertainment
WIFI india pvt ltd,Bills
UNKNOWN PAYMENT order 16511,Others
APOLLO PHARMACY bill payment,Medical
SALARY CREDITED order 12400,Income
UPI-UNKNOWN PAYMENT-87371,Others
BOOKMYSHOW order 23523,Entertainment
HOSPITAL 57519,Medical
DOMINOS payment,Food
BROADBAND txn 43620,Bills
UPI-MEDPLUS-41915,Medical
UPI-UBER-89241,Transport
MYNTRA bill payment,Shopping
MISC order 22989,Others
OLA bill payment,Transport
BROADBAND order 96102,Bills
GAS BILL payment,Bills
REFUND india pvt ltd,Income
GAS BILL payment,Bills
SALARY CREDITED txn 90121,Income
UPI-RAPIDO-57914,Transport
NETFLIX order 25932,Entertainment
SALARY CREDITED payment,Income
MEDPLUS txn 94512,Medical
REFUND payment,Income
IRCTC bill payment,Transport
BONUS payment,Income
MISC payment,Others
ZOMATO txn 9590,Food
MISC 19736,Others
UNKNOWN PAYMENT payment,Others
MEESHO 15668,Shopping
BONUS order 47377,Income
RECHARGE payment,Bills
BONUS order 74222,Income
REFUND india pvt ltd,Income
PHARMACY txn 57188,Medical
SPOTIFY india pvt ltd,Entertainment
CLINIC india pvt ltd,Medical
HOTSTAR 25937,Entertainment
MYNTRA order 78464,Shopping
UPI-PRIME VIDEO-1072,Entertainment
AJIO payment,Shopping
CLINIC order 92341,Medical
HOSPITAL txn 35255,Medical
SPOTIFY india pvt ltd,Entertainment
HOSPITAL payment,Medical
BROADBAND payment,Bills
ELECTRICITY BILL payment,Bills
MYNTRA bill payment,Shopping
UPI-ZOMATO-68522,Food
GAS BILL bill payment,Bills
DOMINOS bill payment,Food
UPI-SWIGGY-72270,Food
MISC payment,Others
MEDPLUS bill payment,Medical
UPI-CASHBACK-70174,Income
METRO india pvt ltd,Transport
SALARY CREDITED payment,Income
OLA txn 44870,Transport
IRCTC bill payment,Transport
IRCTC 17072,Transport
BONUS 76133,Income
